അധരം മധുരം വചനം മധുരം,
അച്ചുതം കേശവം രാമനാരായണം,
കേട്ടീലയോ കിഞ്ചന വർത്തമാനം,
നില്ലു നില്ലെട സുയോധന കർണ്ണാ,
കുളിരുകോരീടുമീ പ്പുലർവേളയിൽ,
ശാന്താ കാരം ഭുജഗ ശയനം പദ്മനാഭം സുരേശം,
ചകാര ചണ്ഡ താണ്ഡവം തനോതുന: ശിവ: ശി വം,
സമർത്ഥനായ സീസറും പ്രസിദ്ധനായ ഹോമറും,
മരങ്ങൾ താഴുന്നു ഫലാഗമത്തിനാൽ,
അവിടവിടെ മിഴിച്ചു നോക്കി നിന്നു,
കഴുത്തിൽ കളങ്കം ഭുജംഗങ്ങൾ മെയ്യിൽ,
പരദൂഷണ പടുതക്കൊരു കുറവില്ലതു ഗഹനം,
തടിച്ച തിര മാലയാൽ തടമടിച്ചുഗ്രമായ്,
മാണിക്യവീണാമുപലാളയന്തീം,
മദാലസാം മഞ്ജുള വാഗ്വിലാസാം,
വായിക്കുമ്പോൾ രസിക്കുന്നൊരു ചടുല മഹാകാവ്യമാണീ പ്രപഞ്ചം,
പൊരുളേ പുരി മൂന്നുമെരിച്ചവനേ,
സമുദ്രം വഴിത്താൻ വിദേശാ ധിപത്യം,
മൊബൈൽ ഫോൺ വഴിത്താൻ സമഗ്രാധിപത്യം,
മധുരംനുണയാൻ വരുമോ സഖി നീ ,
അണയാൻ മടിയോ പ്ര ണയ കൊടിയേ,
വെടിക്കെട്ടു പൊട്ടുന്ന പോലിതാശബ്ദം,
മഞ്ഞണിയും മാമല തൻ പൊന്മകളെ നിൻ കരുണ,
കരുണക്കടലേ അമുതക്കൊടിയേ,നറുതേനൊഴുകും ഹൃദയത്തണലേ  
ചന്തമേറിയ പൂവിലും,ശഭളാഭമാം ശലഭത്തിലും
കരംപിടിച്ച നാൾ മുതൽഹൃത്തിലും വനത്തിലും,
വാണീദേവി രസനിയിലെങ്ങും,വാണീടേണം വിരസത പോക്കാൻ
സ്നേഹമാണഖിലസാരമൂഴിയിൽ,
ഭാരതീയവരെന്നു നിനയ്ക്കിൽ ഭേദചിന്തകമൊക്കെയൊടുക്കാം,
വനംജനത്തിനു പൊരുത്ത കൈമുതൽ,വനം തരും ഫലസമൃദ്ധിയൊക്കെയും
അകലെയൊരു മലമുകളിലാർദ്രമന്ദസ്മിതം,അടവി വിടരും പൂവനത്തിന്റെ ഛായയിൽ
അടിമുടി പുളകം പൂണ്ടേ നിൽപ്പാ,ണിടയപ്പെൺകൊടി തുമ്പപ്പൂച്ചെടി
അനുരാഗ  വിലോചനനായി,അതിലേറെ മോഹിതനായി
അമ്പിളി അമ്മാവാ താമരക്കുമ്പിളിലെന്തൊണ്ട്,
അമ്മേ അമ്മേ അമ്മേ നമ്മുടെ അമ്പിളിയമ്മാവനെപ്പോ വരും,
അറിയാത്ത പിള്ള ചൊറിയുമ്പോൾ അറിയും,
അല്പന് ഐശ്വര്യം  വന്നാൽ,അർദ്ധരാത്രി കുടപിടിക്കും
അസ്ത ഗിരീശ്വര മസ്തക സീമനി,ഭാസ്ക്കര ഭഗവാൻ മറയുന്നേരം   
ആനത്തലയോളം വെണ്ണ തരാമെടാ,ആനന്ദകൃഷ്ണാ നീ വാ മുറുക്ക്
ആരു വാങ്ങു മിന്നാരു വാങ്ങുമീ,യാരാമത്തിന്റെ രോമാഞ്ചം
ഇതു നിലാവല്ല കുളിർ മഞ്ഞല്ല രാവല്ല,കളകളം കിളിയല്ല കാടല്ല കാറ്റല്ല
ഇൻക്വിലാബ് സിന്ദാബാദ്,വിദ്യാർത്ഥി ഐക്യം സിന്ദാബാദ്
ഉന്തുന്തു ന്തുന്തുന്തൂ ഉന്തുന്തുന്തുന്തുന്തൂ,ഉന്തുന്തു ന്തുന്തുന്തൂ ആളെ ഉന്ത്
ഏബീസീഡീഈഎഫ്ജീ,എച്ച്ഐജേക്കേഎല്ലമെന്നോ പീ
ഒന്നാനാം കുന്നിന്മേൽ ഓരടി കുന്നിമേൽ ഓരായിരം കിളി കൂടുവച്ചു,
ഒന്നായ നിന്നെയിഹ രണ്ടെന്നു കണ്ടളവിലുണ്ടായോരിണ്ടൽ ബദ മിണ്ടാവതല്ല മമ,
ഒരു ജാതി ഒരു മതം ഒരു ദൈവം മനുഷ്യന്,
ഒരു മധുരക്കിനാവിൻ ലഹരിയിൽ,എങ്ങോ കുടമുല്ലപ്പൂ വിരിഞ്ഞു
ഓത്തുപള്ളീല്‍ നമ്മളന്നു പോയിരുന്നകാലം ഓര്‍ത്തു,കണ്ണീര്‍വാര്‍ത്തു നില്‍ക്കയാണ്‌ നീലമേഘം
ഓമനതിങ്കൾ കിടാവോ,നല്ല കോമള താമര പൂവോ
ഓലത്തുമ്പത്തിരുന്നൂയലാടും ചെല്ലപൈങ്കിളീ,എൻറെ ബാലഗോപാലനെ എണ്ണ തേപ്പിക്കുമ്പം പാടെടീ
കണ്ടാലത്കഷ്ടമെത്രയും മുഷിഞ്ഞ ജീർണ്ണ,വസ്ത്രം കൊണ്ട് തറ്റുടുത്തിട്ടുത്തരീയവുമിട്ട്
കണ്ടു കണ്ടിരിക്കും ജനങ്ങളെ,കണ്ടില്ലെന്നു വരുത്തുന്നതും ഭവാൻ
കണ്ണിണ കൊണ്ടു കടുകു വറുക്കുന്ന പെണ്ണിനെക്കണ്ടാൽ അടങ്ങുമോ പൂരുഷൻ,
കഥയമമ കഥയമമ കഥകളതിസാദരം,
കനകചിലങ്ക കിലുങ്ങി കിലുങ്ങി,കാഞ്ചനകാഞ്ചി കുലുങ്ങിക്കുലുങ്ങി
കാക്കേ കാക്കേ കൂടെവിടെ,കൂട്ടിനകത്തൊരു കുഞ്ഞുണ്ടോ
കാണം വിറ്റും ഓണം ഉണ്ണണം,
കാര്യം  കഴിഞ്ഞാൽ  കറിവേപ്പില പുറത്ത് ,
കാറ്റിന്റെ കാണാപ്പിയാനോ വിടർത്തുന്ന,തോറ്റങ്ങൾ കേട്ടിന്നു തോറ്റു പോയ് പാട്ടുകൾ
കിളിയോടു പറഞ്ഞയച്ചു ഞാൻ,പുഴയെത്തൊട്ടു വിളിച്ചുണർത്തുവാൻ
കുട്ടനാടൻ പുഞ്ചയിലെ,കൊച്ചു പെണ്ണെ കുയിലാളെ
കുരുക്കുത്തി മുല്ലയ്ക്കു രണ്ടാണു ജന്മം, അതൊരിക്കൽ ചിരിക്കാൻ മടിക്കും ദലങ്ങൾ
കേര നിരകളാടും ഹരിത ചാരു തീരം,
കേരം തിങ്ങും കേരള നാട്ടിൽ,കെ ആർ ഗൗരി ഭരിക്കട്ടെ
കൊച്ചി കണ്ടവന് അച്ചി വേണ്ട ,
കോകില ജാലങ്ങൾ കോലക്കുഴൽ കേട്ടു മൂകങ്ങളായങ്ങു നിന്നു പോയി,
കോവിലിൻ ചാരത്തെ നാലുകെട്ടിൽ,പൂവു പോലുള്ളൊരു പെണ്ണുണ്ട്
ചക്കിന് വച്ചത് കൊക്കിന് കൊണ്ടു,
ചോര വീണ മണ്ണിൽനിന്നുയർന്നു വന്ന പൂമരം,
ജനഗണമന അധി നായക ജയഹേ,ഭാരത ഭാഗ്യ വിധാതാ
ജയ് ജവാൻ ജയ് കിസാൻ,
ജാതിഭേദം മതദ്വേഷം ഏതുമില്ലാതെ സർവരും സോദരത്വേന വാഴുന്ന മാതൃകാസ്ഥാനമാണിത്,
ടൈം ആൻഡ് ടൈഡ് വെയ്റ്റ്സ് ഫോർ നൺ  ,
ട്വിങ്കിൾ ട്വിങ്കിൾ ലിറ്റിൽ സ്റ്റാർ ഹൌ ഐ വണ്ടർ വാട്ട് യു ആർ,
തകധിമി തകജണു തകധിമി തകജണു,
തിത്തിത്താര തിത്തിത്തെയ്,തിത്തെയ് തക തെയ് തെയ് തോം
തുമ്പീ വാ തുമ്പക്കുടത്തിൻ,തുഞ്ചത്തായ് ഊഞ്ഞാലിടാം
ദൈവമേ കൈതൊഴാം കേൾക്കുമാറാകണം പാവമാമെന്നെ നീ കാക്കുമാറാകണം,
നാരായണം ഭജേ നാരായണം,നാരായണം ഭജേ നാരായണം
നിറന്ന പീലികൾ നിരക്കവേ,നെറുകയിൽക്കൂട്ടി തിറമൊടു കെട്ടി
നീർക്കോലി കടിച്ചാലും അത്താഴം മുടങ്ങും ,
നേരറിയാൻ നേരത്തെ അറിയാൻ  ,
നോക്കടാ നമ്മുടെ മാർഗ്ഗേ കിടക്കുന്ന,മർക്കടാ നീയങ്ങു മാറിക്കിട ശഠാ
പച്ച കദളീ കുലകൾക്കിടയ്ക്കിടെ ,
പന്ത്രണ്ടു മക്കളെ പെറ്റൊരമ്മേ,നിൻറെ മക്കളിൽ ഞാനാണു ഭ്രാന്തൻ
പയ്യെത്തിന്നാൽ  പനയും തിന്നാം,
പാണ്ടൻ നായുടെ പല്ലിനു ശൗര്യം,പണ്ടേ പോലെ ഫലിക്കുന്നില്ല
പാലം കടക്കുവോളം നാരായണ,പാലം കടന്നാലോ കൂരായണ
പുലരുവാനേഴര രാവേയുള്ളു,പൂങ്കോഴി കൂവിക്കഴിഞ്ഞേയുള്ളു
പുല്ല് താനേ വളരും,നെല്ല് കൃഷി  ചെയ്യണം 
പെട്ടി പെട്ടി ശിങ്കാരപ്പെട്ടി,പെട്ടി തുറന്നപ്പോൾ എബിസി പൊട്ടി
പൊട്ടി വിരിയുന്നു വീണ്ടും പൂനിലാവും മാമ്പൂക്കളും കെട്ടിപ്പിടിച്ചുമ്മ വെയ്ക്കും ആതിരാരാത്രി,
പൊലിമയൊടെന്നും പൊങ്ങുക,പുത്തൻ തലമുറയേന്തും പന്തങ്ങൾ
ഭജഗോവിന്ദം ഭജഗോവിന്ദം ഭജഗോവിന്ദം മൂഢമതേ,
മങ്ങിയ കാഴ്ചകൾ കണ്ടു മടുത്തു,കണ്ണടകൾ വേണം കണ്ണടകൾ വേണം
മഞ്ഞുകാലം വരുന്തോറും ,മാവു തോറും പൂവുകാണാം
മലയപ്പുലയനാ മാടത്തിൻമുറ്റത്ത് ,മഴ വന്ന നാളൊരു വാഴ നട്ടു
മാവേലി നാടുവാണീടുംകാലം,മാനുഷരെല്ലാരും ഒന്നുപോലെ
മിൽമ കേരളംകണി കണ്ടുണരുന്ന നന്മ,
മുല്ലപ്പൂമ്പൊടിയേറ്റു കിടക്കും,കല്ലിനുമുണ്ടാമൊരു സൗരഭ്യം
രാമരാമ രാമരാമ രാമരാമ പാഹിമാം ,രാമപാദം ചേരണേ മുകുന്ദരാമ പാഹിമാം
വൺ ടൂ ത്രീ ഫോർ ഫൈവ് സിക്സ്,സെവൻ എയ്റ്റ് നയൻ ടെൻ
വന്നലിയുമാരയാലിലത്താലിയിൽ പകരുമിക്കാറ്റിന്റെ ഭൂപാളകീര്‍ത്തനം  ,
വാ കുരുവി വരു കുരുവി,വാഴക്കൈമേലിരി കുരുവി
വെറുമൊരു മോഷ്ടാവായോരെന്നെ,നിങ്ങൾ കള്ളനെന്നു വിളിച്ചില്ലേ
വെളിച്ചം ദുഃഖമാണുണ്ണീ തമസല്ലോ സുഖപ്രദം,
വൈ ദിസ് കൊലവെറി കൊലവെറി ഡീ,
സകല ശുക കുല വിമല തിലകിത കളേബരേ,സാരസ്യ പീയൂഷ സാരസർവ്വസ്വമേ 
സമയമാം രഥത്തിൽ ഞാൻ,സ്വർഗ്ഗയാത്ര ചെയ്യുന്നു
സമ്പത്ത് കാലത്ത് തൈ പത്ത് വച്ചാൽ,ആപത്ത് കാലത്ത് കാ പത്ത് തിന്നാം
സ്റ്റാർട്ടപ്പ് ഇന്ത്യ സ്റ്റാൻഡപ്പ് ഇന്ത്യ,
സ്വാമി ശരണം അയ്യപ്പ ശരണം,
സ്വാമിയേ അയ്യപ്പാ അയ്യപ്പാ സ്വാമിയേ,
ഹരിവരാസനം വിശ്വമോഹനം,ഹരിദധീശ്വരം ആരാധ്യപാദുകം
ഹാപ്പി ബർത് ഡേ ടൂ യൂ,
എന്തതിശയമെ ദൈവത്തിൻ സ്നേഹം,എത്ര മനോഹരമേ
ചിന്തയാം മണിമന്ദിരത്തിൽ,വിളങ്ങുമീശനെ വാഴ്ത്തുവിൻ
എല്ലാരും ചൊല്ലണ് എല്ലാരും ചൊല്ലണ് ,കല്ലാണ് നെഞ്ചിലെന്ന്
വാട്ടർ വാട്ടർ എവരി വെയർ,ബട്ട് നോ ഡ്രോപ്പ് ടു ഡ്രിങ്ക്
എ ഫ്രണ്ട് ഇൻ നീഡ് ഈസ് എ ഫ്രണ്ട് ഇൻ ഡീഡ്,
റോ റോ റോ, റോ യുവർ ബോട്ട് ജന്റലി ഡൌൺ ദ സ്ട്രീം
എബിസിഡി ഇഎഫ്ജിഎച്ച് ഐജെകെഎൽ  എംഎൻഓപി,
പാടം കൊണ്ട്  വീട് പുലരും,
വാട്ട് ആൻ ഐഡിയ സർജി,
വൈ ദിസ് കൊലവെറി കൊലവെറി ഡി,
പൂ വസന്തം വീശി പൂമണവും പൂശീ,ഭൂവിനുർവ്വേകിടുന്ന നാഥനെ നമിക്കാം
വെണ്ണയെക്കട്ടു കൂട്ടുകാർക്കേകു,മുണ്ണിയെക്കണ്ടു കണ്മണി
കണ്മണീ യെന്നെക്കാത്തുകൊള്ളണേ,കണ്ണനേ  കടൽ വർണ്ണനേ
പൂവനത്തിൽ പോയിടാം,പൂവിറുത്തു ചേർത്തിടാം
നല്ല നല്ല പൂക്കളിൽ നല്ല ചന്തമുണ്ടതിൽ, നല്ല ഗന്ധമുള്ളതാം മുല്ലയുണ്ടു   പോയിടാം
കണ്ടിടാം രസിച്ചിടാം മണത്തിടാം  നമുക്കിനി, പൂവനത്തിൽ  പോയിടാം  പൂവിറുത്തു  ചേർത്തിടാം  
ആലോലം  ആലോലമമ്മേ നോക്കൂ, ലീലാവനത്തിലിന്നമ്മേ
തരളം തരളം വിലസുന്നൂ,താരം  വിരിയും നയനങ്ങൾ
തടിച്ചുകൂടിയ ജനങ്ങളെ ക്കണ്ടു,ചിരിച്ചുകൊണ്ടവൻ പാടി 
അത്തം വന്നൊരു ചെടിനട്ടു,ചിത്തിര ചുറ്റും പൂ വിട്ടു
പട്ടിണി  രണ്ടു കിടക്കുന്നേരം,പട്ടികളേക്കാൾ പരവശഭാവം 
കിട്ടും പണമെങ്കിലിപ്പോൾ മനുഷ്യർക്കു,ദുഷ്ടത  കാട്ടുവാനൊട്ടും മടിയില്ല
സിദ്ധാർത്ഥനെന്നുലകിൽ വിശ്രൂതനാമധേയം,സിദ്ധിച്ച ലോകഗുരുവായൊരു  രാജസൂനു 
ഘോരമാംകാട്ടുതീ  വന്നുപിടിപ്പെട്ടു,ഭൂരിവൃക്ഷങ്ങളും ക്രൂരസർപ്പങ്ങളും  
കമലജനുമറിയരുതു  പുകഴുവതിനോർക്കിലൊ,കൗരവപാണ്ഡവസൈന്യകോലാഹലം  
നാടുപാടെ നശിക്കുംപോൾ ചൂടുതട്ടും മനക്കാമ്പിൽ ഓടിവന്നപ്രദേശത്തു പാടുപാർക്കും ഞങ്ങളെല്ലാം,
ഇനിയും മരിക്കാത്ത ഭൂമിനിന്നാസന്ന,മൃതിയിൽ നിനക്കാത്‌മശാന്തി 
പേരറിയാത്തൊരു പെൺകിടാവേ നിൻറെ,നേരറിയുന്നു ഞാൻ പാടുന്നു
അന്നു ഞാൻ സ്വാതന്ത്ര്യത്തെയാദ്യമായ് സ്വപ്നം കണ്ടു,ഇന്നിനിയോർമിക്കട്ടെ എനിക്കന്നിളം പ്രായം 
ഒരിക്കൽ കൂടി ബീഥോവൻ താങ്കളീത്തളികയ്ക്കുമേൽ,ഉയിർത്തെഴുന്നേല്ക്ക യെന്റെ യിഷ്ടസിംഫണിയാവുക 
കുഞ്ഞേട്ത്തിയെത്തന്നെയല്ലോ,ഉണ്ണിക്കെന്നെന്നുമേറെയിഷ്ടം
ഞങ്ങളുടെ  കണ്ണനെയുമപഹരിച്ചു  നിങ്ങൾ,ഞങ്ങളുടെ  സർവസ്വമപഹരിച്ചൂ   
കാറ്റിനെക്കാണാൻ  കൊതിച്ചൊരു കുട്ടിയ,ന്നാറ്റിറമ്പിൽ കാറ്റുകൊണ്ടിരുന്നൂ
മണ്ണു കുഴിച്ചു കുഴിച്ചു ചെന്നാൽ,എണ്ണ കിനിയുന്ന നാടുണ്ടത്രേ
വീടില്ലാതലഞ്ഞു പോൽ പണ്ടൊരു ജൂതൻ,സുഖം തേടിയങ്ങനെയോരോ  നാട്ടിലായ് കാലം പോകെ 
ആരോ ചവിട്ടിച്ചതച്ചൊരു മുന്തിരി,ആരെന്റെ ഭൂപടത്തിന്മേൽ  പതിക്കുന്നു
കുപ്പിവിളക്കിലെ വർണ്ണ മെഴുതിരി,കുട്ടിയടർത്തിയെടുത്തു 
ഒരു തൈ നടുമ്പോൾ ഒരു തണൽ നടുന്നൂ,പകലുറക്കത്തിനൊരു മലർവിരി നടുന്നൂ.
തിബ്‌ലിസി നിന്നിലെ നീരുറവയ്ക്കുമീ,നിൻ പേരിനുമിളം വെയ്(ലി)ന്റെ ഹൃദ്യത
ചോരഞരമ്പുകൾ പാകിയമാതിരി,ശോണമനോഹര മുന്തിരി വള്ളികൾ
ഇണകൾ കതിർ തേടിപ്പാടുന്നതൊരുപോലെ,ഇലകൾ വെയിലിന്നായ് ദാഹിപ്പത്തൊരുപോലെ
ഓണവില്ലു കൊട്ടി നമ്മളെത്രവട്ടം പാടീ,ഓർമകളിൽ വാഴുമൊരു മന്നവനെപ്പറ്റി 
ആവണിപ്പാടം കുളിച്ചുതോർത്തീ, മുടിയാകെ വിടർത്തിയുലർത്തി നിന്നൂ
പഴയ ദേവാലയം അരികിലാമ്പൽ കുളം,വഴിയിൽ പൂജാദ്രവ്യവില്പനയ്ക്കോരോ കൂട്ടർ 
എന്തുകൊണ്ടെന്നോ ഞാനീ പൂക്കളെ സ്നേഹിക്കുന്ന,തെണ്ടുകൊണ്ടെന്നോ നമ്മെസ്നേഹിച്ചോർ നാം സ്നേഹിച്ചോർ
ശര ശയ്യയിൽ മരക്കുരിശിൽ തോക്കിൻ മുന്നിൽ,മരിച്ചു വീണോർ മണ്ണിലേക്കു പിൻമടങ്ങിയോർ
വേർപിരിയുവാൻ മാത്രമൊന്നിച്ചു കൂടി നാം വേദനകൾ പങ്കുവയ്ക്കുന്നു,
കാണക്കാണെ വയസ്സാവുന്നു,മക്കൾക്കെല്ലാമെന്നാലമ്മേ
രാത്രിമഴ ചുമ്മാതെ കേണും ചിരിച്ചും,വിതുമ്പിയും നിർത്താതെ പിറുപിറുത്തും നീണ്ട
തുംഗ ഹിമാചല ശൃംഗ കിരീടിനി, അംബ ഭവതൃപദാനം പാടാൻ 
വെയിലിൽ മിന്നും കൊച്ചു വെള്ളപ്പൂവുകൾ രാവിൻ,മഴയിൽ നനഞ്ഞാകെത്തെളിഞ്ഞ പുൽനാമ്പുകൾ 
മരിച്ച ധർമ്മത്തിന്റെ ശവ സംസ്കാരം കൂടി,നടത്താം കെങ്കേമമായ് നമുക്കിസ്സുദിനത്തിൽ
കൊച്ചു താരേ ചിരിക്കുന്ന പൂവേ,പിച്ച വയ്ക്കുന്ന കുഞ്ഞിളം കാറ്റേ 
മുകളിലെച്ചുവന്നു മഞ്ഞളിച്ച വാനവും,അടിയിലെ വരണ്ടുടഞ്ഞ ദാഹഭൂമിയും 
രണ്ടു ശലഭങ്ങൾ പാറിയെത്തുന്നതു,കണ്ടു ഞാനിന്നു പുലരിത്തെളിമയിൽ 
കേൾക്കൂ ചുവപ്പാർന്ന കുപ്പിവളകൾ ഞാൻ,നോക്കി നിന്നിട്ടുണ്ട് ദാഹിച്ച കൺകളാൽ
നിശബ്ദയാം പുണ്യ രാത്രി നിന്നെ,വിശ്വം നമിക്കയാണിന്നും
അർഹിക്കുന്നതു കിട്ടീ ഞങ്ങളടങ്ങിയിരിക്കുന്നൂ,സ്വാതന്ത്ര്യത്തിൻ മദ്യക്കോപ്പ കമഴ്ത്തിയിരിക്കുന്നൂ
മലമുകളിൽ പാടുപെട്ടു കയറുവാനായ്‌ മാത്രം,ചുമടുപേറിക്കാലിടറി വാടി നീങ്ങിടുമ്പോൾ
കാർമുകിൽ മാലമറഞ്ഞു വാനം ശ്യാമളകോമളമാകമാനം,ഓരോരോ രാവും കുളിർമ്മയെന്തും  
അത്തിമരത്തിൽ പോത്ത്,പൊത്തിൽ പത്തേ നത്ത് 
കൊതുക് വന്നു കതകിലിരുന്നു,കതകടഞ്ഞു കൊതുക് ചത്തു  
വടവാതൂരൊരു കടയുണ്ടേ കടയിൽ നിറയെ വടയുണ്ടേ,വടകൾ തിന്നാൻ കുടവയറുള്ളൊരു തടിയൻ ഓടി വരുന്നുണ്ടേ
മൊട്ടത്തലയൻ കുട്ടപ്പൻ കുട്ട നിറച്ചും മുട്ടയുമായ്,നട്ടുച്ചക്കൊരു പാട്ടും പാടി മട്ടാഞ്ചേരിക്കാണല്ലോ
മീശ വിറപ്പിച്ചൊരു കോണിൽ കണ്ടൻ പൂച്ചയിരിക്കുമ്പോൾ, ചിണ്ടൻ ചുണ്ടെലിയേറെ വിരണ്ട് തട്ടിൻ മുകളിലിരിക്കുന്നു
മോനേ മോനേ പേനയെടുക്കൂ ആനയൊന്നു വരക്കൂ,മോളേ മോളേ പേനയെടുക്കൂ മൂളും വണ്ട് വരക്കൂ 
ആനയെ ചേലിൽ വരച്ചതാര് അഛനല്ലമ്മയല്ലമ്മുക്കുട്ടി,ഉറുമ്പിനെ ചേലിൽ വരച്ചതാര് അഛനല്ലമ്മയല്ലമ്മുക്കുട്ടി
വാലുള്ള പൂച്ച ചേലുള്ള പൂച്ച,കാലത്തു തന്നെ പാലങ്ങു തട്ടി 
അരിമണി വിതറിയ നേരത്ത് പ്രാവുകളെല്ലാം ചാരത്ത്,കൈകളുയർത്തിയ നേരത്ത് പാറിയകന്നവ ദൂരത്ത്
വാലുള്ള പട്ടം നൂലുള്ള പട്ടം,ചേലുള്ള പട്ടം ബാലൂന്റെ പട്ടം 
ഓലക്കാലിലൊരോലപ്പീപ്പിയതാലോചിച്ചാലെന്തു രസം,ഓലക്കാലിലെയോലപ്പീപ്പിയതൂതാൻ കിട്ടുകിലെന്തുരസം
തുമ്പിയുള്ള കൊമ്പൻ കുമ്പയുള്ള കൊമ്പൻ,അമ്പലത്തിലാറാട്ടിന്  മുമ്പിലാണ് കൊമ്പൻ
പയ്യെ പയ്യെ നടന്നൂ പയ്യ് പയ്യനുമൊപ്പം പയ്യെപ്പയ്യെ,പയ്യനുമുന്നിൽ പയ്യു  നടന്നൂ പയ്യിനുപിന്നിൽ പയ്യൻ പയ്യെ 
വീട്ടിൻമുറ്റത്തൊരു വാഴയുണ്ട് വാഴയിൽ നല്ല കുലയുമുണ്ട്,കുലയിലെ കൂമ്പിലായ്‌ തേനൂറ്റാൻ വാവലുകളെന്നുമെത്താറുമുണ്ട്
കുട്ടികൾ തൻ മനതാരിലെന്നും വെട്ടം പകരുന്ന ദീപമാണമ്മ,കുഞ്ഞിച്ചുണ്ടിൽ സ്നേഹത്തിൻ ഉമ്മ നൽകും സ്നേഹമയിയാണമ്മ
കള കളമിളകി മറിഞ്ഞൊഴുകും പുഴ തെളിനീരേറ്റു കുതിക്കുന്ന പുഴ,ഒഴുകും വഴികളെയുർവരമാക്കി അഴകോടങ്ങനെ പുഴയൊഴുകുന്നു 
കുണ്ടുകുളത്തിൽ ഞണ്ടു പിടിക്കാൻ തണ്ടനുമൊപ്പം മണ്ടനുമുണ്ടേ, കണ്ടനുമൊപ്പം മുണ്ടനുമുണ്ടേ വണ്ടിക്കാരൻ ചിണ്ടനുമുണ്ടേ 
കൊത്തിക്കൊത്തി തത്തയിരിപ്പൂ അത്തിമരത്തിൻ പൊത്തിൽ,തത്തി തത്തി തത്ത നടപ്പൂ അത്തിമരത്തിൻ കൊമ്പിൽ
ചെത്തി മിനുക്കിയ മുറ്റത്ത് ചിത്തം കവരുമൊരത്തം,അത്തമൊരുക്കുക നാമെല്ലാം പത്തുദിനത്തിനുമായി
ആനപ്പുറത്തു കയറീടാൻ കുറുമ്പനാമൊരുറുമ്പെത്തി,ആനപ്പുറത്തിരിക്കുമ്പോളുറുമ്പിന് താനുമൊരാനയാണെന്ന് തോന്നി
ആരാരു നിൻറെയീകണ്ണെഴുതി കുന്നിമണിയൊന്നു ചൊല്ല്,കരിവണ്ടാണേ പറന്നുവന്നു എന്നുടെ കണ്ണിൽ മഷിയെഴുതി 
ചേലേറും മയിലേ നിന്നുടെ പീലിക്കെന്തൊരു ചന്തം,ആടുമ്പോൾ മയിലേ നിന്നുടെ കൂടെ ഞാനാടിക്കോട്ടെ
ഞാനെന്റെ നയനങ്ങൾ തുറക്കാം സമുദ്രം പോൽ നാഡികൾ വിളിക്കുമ്പോൾ നാമൊന്നായ് ജനിക്കില്ലേ,
ഓടുന്ന മാനുകൾ പാടുന്ന കാവുകൾ,ഓളം തല്ലുമിക്കായലു മയ്യാ
ഇത്തടാകത്തിലീനീലനിലാവിലിത്തിരികൂടിക്കഴിക്കാം,
നാടൻ പെണ്ണേ നീയിത്രക്കൊരു,നാണം കാട്ടാനെന്തുള്ളൂ 
പണ്ടുപണ്ടൊരു പനിനീർപ്പൂ,ച്ചെണ്ടു വിരിഞ്ഞു വിടർന്നല്ലോ 
ഇന്നലെ മുല്ല വിരിഞ്ഞു, നിലാവിന്റെ വള്ളികൾ ചുറ്റിപ്പിടിച്ചു താരങ്ങളിൽ
പാകിക്കൊണ്ടിരുന്നു ഞാൻ പാതയിലങ്ങിങ്ങേതോ പാതിരാക്കിനാവിന്റെ  പേക്കോല വല മാത്രം,
വരവായിവസന്തം മലർ,വനിയിൽ തേന്മണമായ്
വിടരാൻ വൈകിപ്പോയ താമരപ്പൂമൊട്ടിനെ വിരലാൽ നുള്ളിച്ചീന്തീ വേദന മുകർന്നൂ ഞാൻ ,
ഞാനുമെൻ സ്വപ്നത്തിന്റെ ഭാണ്ഡവുമിന്നി ഗ്രാമ വീഥിയെക്കടന്നകന്നകന്നു പോകുന്നെങ്കിൽ ,
ഇന്നും ഞാനറിയാതിരിക്കെക്കരളിൽവിങ്ങിയിരിക്കും ദുഃഖം എന്നോടൊന്നും പറയില്ലെങ്കിലുമെങ്കിലുമെല്ലാമറിയുന്നൂ ഞാൻ,ആകാശങ്ങൾ നരയ്ക്കും പരിചയമാകെ മറക്കും തെരുവുകൾ കൂരിരുൾ മൂടും താരകൾ ഓർമ്മ വിളർത്തു വിറയ്ക്കും കാലമുറങ്ങാൻ പോകും
രണ്ടു തോളിലും കേറി,ത്തൂങ്ങുന്ന പ്രശ്നങ്ങളെൻ 
ചുറ്റിക്കറങ്ങിക്കറങ്ങി നിന്നൂ,നിത്യ ദുഃഖത്തിലി സൗരയൂഥം
ശ്യാമമീ വനാന്തരം ശ്യാമമെൻ ഹൃദന്തരം,ശ്യാമമെൻ സ്വപ്നാംബരം കത്തിച്ചു കളഞ്ഞുഞാൻ
രാഗതാളങ്ങൾ വിടർത്തും വയലിന്റെ നാദലയാഞ്ജലി നാഗകന്യാസ്‌മൃതി  ,
ഓർമ്മയിൽ നോവുന്നതു മറക്കാൻ കഴിഞ്ഞെങ്കിൽ,ഓർമ്മകളിനിമേലിൽ പിറക്കാതിരുന്നെങ്കിൽ
ഞെട്ടിയുണർന്നു പിടഞ്ഞെഴുന്നേറ്റുടൽ മുട്ടിയുരുമ്മി ജ്വലിച്ചുപായുന്നിതാ ,
അയ്യർകളി കളിക്കാനാരെല്ലാമയ്യൻങ്കാളീ ,
ഒട്ടുമുറക്കംകിട്ടാതങ്ങനെഞെട്ടിയുണർന്നതിനാലിന്നർക്കനൊ,രിത്തിരി നേർത്തെയുദിക്കണമെന്നൊരു മോഹം വന്നു
ഹേ ഗഗാറിൻ ഗഗനചാരിൻ,പഥികനെൻ വഴി വിട്ടുമാറിൻ 
പ്രസവലീവെടുത്തുംകൊണ്ടകലെപ്പോയ് ഹേമന്തം,കസവിട്ടകിനാവിന്റെ തള്ളയായല്ലോ
സന്ധ്യ പോയ് മെല്ലെയിരുട്ടായ് കുരുക്കുത്തി,മുല്ല വിരിഞ്ഞു മുകളിൽ മണവുമായ്
കണ്ണിൽ വിളക്കുമായ് കാത്തിരിക്കുന്നമ്മ, വണ്ടികേറാതയാൾ വീട്ടിലെത്തുമ്പോഴും
സംശയാത്മാക്കൾ നശിക്കുന്നുവെങ്കിലും സംശയമില്ലായ്‌കിലില്ല വിശ്വാസവും,
മധുവിധുനുകരാൻപോകുന്നേരം,പറയുകയായി മുത്തശ്ശി 
ശങ്കരനെന്നൊരുകിങ്കരനൊരുനാൾ,പെണ്ണുകെട്ടിനായ് തണ്ണിയടിച്ചു 
ആകാശമിടിഞ്ഞോ ഇല്ല,അമ്പിളിനിന്നുകരഞ്ഞോ ഇല്ല 
എണ്ണയൊഴുകുംമെയ്യുമായി,കണ്ണുകളിൽതെറിയുമായി 
ആളുതിക്കിത്തിരക്കിയേറുന്ന,താണുചന്തയതാണെൻ പ്രപഞ്ചം  
തിരപോലെരിയുന്നുണ്ടെന്നിലുമേതോ,കരകാണാക്കായലിൻ ചൂടുള്ള ദാഹം
നഗ്‌നതാരകൾപുൽകുന്നുതങ്ങളിൽ സ്നിഗ്ദ്ധസൂക്ഷ്മമാം കൈകാൽവലകളാൽ,
തത്ത്വശാസ്ത്രങ്ങൾ തേടുന്നബുദ്ധികൾ,ചുറ്റുപാടുംതളർന്നുകിടക്കവേ
നാലുമണിക്കുള്ളൊരെക്സ്പ്രസ്സുവണ്ടിയിൽ നാമന്നുനാട്ടിലേയ്‌ക്കൂർന്നുപോയീടവേ,
കത്തുന്നുനൂറുപൈതങ്ങൾ ജനനിമാർ,ഞെട്ടുന്നുപൂക്കൾ കൊറിയൻ മലകളിൽ
താരകനെന്നൊരു ഘോരകഠോരൻ,ധാതാവിന്റെ വരങ്ങൾ വാങ്ങി
തൃകാർത്തികയുടെ ദീപാരാധന,തിരുവാതിരയുടെ ഗാനാലാപന 
പറയാനരുതാഞ്ഞല്ലി പുരാണം,പഴയതുപോൽ പതിനെട്ടായ് നിൽപ്പൂ
കായൽക്കരയിലൊരിക്കൽ ഞാനെൻ,കാതര മിഴിയാലുഴുതു നടക്കെ 
എന്തൊരുന്മാദമാണീ സ്വച്ഛമാം നീലാകാശ,മെൻ കരളതിന്നൊറ്റത്തുള്ളിയാൽ നിറയുന്നു
വേല ചെയ്തു തളർന്നിതു ഞങ്ങൾ വേഗമേകുവിനപ്പവും വീഞ്ഞും,
നിന്നോടൊന്നു ഞാൻ മിണ്ടുമ്പൊഴേക്കു തേൻ,നിന്നു തുള്ളിത്തുളുമ്പുന്നതെങ്ങനെ
അക്കരീംകൂവള ക്കൺകളിലുണ്ടൊരു പൊൻകിനാവിൻ നിഴലാട്ടം,
ലോലലോലമലഞ്ഞു വന്നെന്തിനെൻ ജാലകത്തിലൂടെത്തിനോക്കുന്നു നീ,
നിരനിരയായെത്തും മാടത്തക്കിളികൾ പോൽ ചെറുമിമാർ പിന്നെയും വയലിൽ വന്നൂ,
മലനാടൻ കലയുടെ രമണീയ കണ്ഠത്തിൽ കളഗാനമാവിടെങ്ങും തേൻ തളിച്ചു,
മൾബെറിപ്പച്ചിലച്ചില്ലകളങ്ങനെ,മന്ദമായ്ച്ചാഞ്ഞു താഴുന്നു 
അക്കൊച്ചു ചോലയിലോമലാൾ താമര പ്പൂക്കളറുക്കുകയല്ലോ,
തുള്ളിക്കളിക്കുന്നു വെള്ളിത്തിരയിലാ,സുന്ദരിതൻ പ്രതിബിംബം 
പാട്ടുപാടീയീ രാത്രിയിലിങ്ങനെ,വീട്ടിലേക്കു തിരിച്ചു പോകുന്നവർ 
പാടങ്ങളിലൂടൊഴുകിവരുന്നൂ,പാലകൾ പൂത്ത സുഗന്ധം 
വേല ചെയ്യും പെൺകൊടിക്കു,വേനൽ പോലും പൂനിലാവായ് 
നിങ്ങളെക്കാൾ ധൈര്യമുള്ള,പെൺകിടാങ്ങളുണ്ടവിടെ 
താമരപ്പൈങ്കിളിയിത്തിരിനേരമ,പ്പൂമരക്കൊമ്പിലിരുന്നു
പുതുമഴത്തുള്ളിതൻ  നറുമുത്തണിയുവാൻ കൊതിയാർന്നുനിന്നു പുൽക്കൊടികൾ പോലും,
കൂരിരുട്ടെങ്ങും കൊടുങ്കാറ്റടിക്കുന്നു ഘോര,മാരിയും ചൊരിയുന്നു സാഗരമാലറുന്നു
ഹൃദയത്തിന്റെ കണം പോലാണി,പ്പുതുവിത്തിൻ മണിയോരോന്നും
കൊല്ലാൻ മരിക്കാൻ പറഞ്ഞു വിജ്ഞാനികൾ കൊല്ലാൻ മരിക്കാൻ കുതിച്ചിതജ്ഞാനികൾ,
പൂവണിമുറ്റത്തോണ നിലാവിൽ,ദേവതപോലിവൾ മിന്നി
കഞ്ഞിക്കിനി മേൽ വെള്ളം വക്കുക,കണ്ണീർ കൊണ്ടാണെന്നും 
ആറ്റുവക്കത്തു പൂത്തിളം കാറ്റ,ത്താടിനിൽക്കും കടമ്പിന്റെ കൊമ്പും
വെണ്ണിലാവുമങ്ങി,തെന്നൽ വീണുറങ്ങി   
ശിഥിലമെൻ വിപഞ്ചിക,വ്യഥിതമെൻ കരാംഗുലി 
ഒന്നിച്ചു സഹസ്രാബ്ദനിദ്ര വിട്ടെഴുന്നേറ്റു,വന്നീടും പ്രേതങ്ങൾ തൻ കാൽപ്പെരുമാറ്റം പോലെ
ഒഴിഞ്ഞ വനികയിലൊന്നോ രണ്ടോ,കൊഴിഞ്ഞ പൂ മാത്രം
പുന്നമരത്തണൽ വെൺമണൽത്തീരത്തു,നിന്നെത്തി നോക്കും കുളക്കടവിൽ
പാറീ ശ്മശാന പുഷ്പങ്ങൾ തൻ സൗരഭം പാതിരാവിന്റെ തണുക്കുന്ന തെന്നലിൽ,
ജാലകവാതിൽ തുറക്കൂ സഖീ,ചാറും മുകിലിനെ യെതിരേൽക്കാൻ
ഇന്ത്യതൻ കവിളത്തു വാർമിന്നൽ തിളക്കമാ,യിന്ദ്രക്കാർ മുകമായും മിന്നുക സൗന്ദര്യമേ 
മൂകത വിട്ടു നീ പാടുക കൊച്ചൊരു,മൂളിപ്പാട്ടെങ്കിലും കൂട്ടുകാരാ
വേദനയുടെ കല്ലിൻപുറങ്ങളിൽ,വീണു ചിന്നിത്തകർന്ന കിനാവുമായ്
നീലനീലമാം കായലിൽ നീന്താൻ,ചേല മാനത്തഴിച്ചിടുന്നന്തി
ഏദനിൽ ദൈവത്തിന്റെ കൽപ്പന ലംഘിച്ചുകൊ,ണ്ടാദ്യത്തെ വസന്തവും വന്നുചേർന്നാനന്ദവും 
ഈ മലർച്ചാർത്തിന്റെ തൂമണമെങ്കിലും,കാമുകന്നേകുമോ കാറ്റേ
പദ്യം വൃത്തത്തിലെങ്കില്‍ ലയകരസുഖദം ചൊല്ലിടാമെന്നിരിക്കേ ഗദ്യംപോലെന്തിനാണോ വിദുഷികളനിശം ചേര്‍ത്തിടുന്നു പദങ്ങള്‍ കാവ്യം താളത്തിലാകും വിധമെഴുതിടണം,  ഭാഷയുംചേര്‍ന്നിരിക്കും വൃത്തം സത്യത്തിലെന്നും പെരുമപകരുവാന്‍ യുക്തമാണോര്‍ത്തിടേണം
പൊന്നരിവാളിൻ തിളക്കത്തിനൊപ്പമാ,കുഞ്ഞിക്കുയിൽപ്പാട്ടു കേൾപ്പിച്ച വൈഭവം
മുത്തണിഞ്ഞ ചിലങ്കകളോടേ നൃത്തമാടുക തോഴി,
കാട്ടുപൂമണമേറ്റു  വന്നെത്തിടും,കാറ്റിനോടു കഥ പറഞ്ഞീടവേ
തെളിനീർപ്പൂഞ്ചോലകളൊഴുകീ കളലോലം,കുളിരായാനന്ദമാ യഴകായ് സ്വാതന്ത്ര്യമായ്  
കണ്ണുനീരും വിഷാദവുമിന്നീ,മണ്ണിൽനിന്നും മറഞ്ഞുപോകട്ടെ
ഹാ! കറുത്തവരുടെ ജീവിതത്തിനു വെട്ട,മേകുവാൻ ജീവൻ തുടുപന്തമാക്കിയ ധീര
ചുവന്ന പൂക്കളും തളിരുകളുമാ,യവതരിക്കുക  വസന്തകാലമേ
ചോരയാണിതു ചോര, ആരുടെ ഒരു വെള്ളക്കാരന്റെ നീഗ്രോവിൻറെ അഥവാ  മനുഷ്യന്റെ
വരുമല്ലോ ഞങ്ങളിനി നാളെപ്പുലർ വേളയിലി,ത്തിരുമണ്ണിൻ  സ്വാതന്ത്ര്യം പ്രഖ്യാപിക്കാൻ
കാളിമ നീളെപ്പരക്കുന്നു  മാനത്തു,കാറ്റടിക്കുന്നു മഴയിരമ്പുന്നുവോ 
മേയ് ദിനപ്രഭാതമേ നീ വന്നുവല്ലോ വീണ്ടും,പാതിരാവിനെ വാഴ്ത്തിപ്പാടുമെൻ ഗ്രാമത്തിലും
വളരെയുണ്ടുഗ്രരോഷമീ  ഞങ്ങളിൽ,തുടരെ ഞങ്ങളനാഥരാകുന്നതിൽ
വേനലേറ്റു നീരാവിയായ്പ്പൊങ്ങും,വേർപ്പുനീർ വർഷമേഘങ്ങളാകും
തെരുതെരെച്ചാറും  മഴയുടെ  താള,മിരുളിലങ്ങനെ മുറുകുമ്പോൾ
തിന്നുവാൻ താളും തകരയുമിഷ്ടംപോ,ലെന്നുമതിന്നൊരു പഞ്ഞമില്ല
ഉത്തരക്കടലാസ്സു നോക്കുമ്പൊഴദ്ധ്യാപകൻ,സ്തബ്ധനാകുന്നൂ ക്ഷണം പുഞ്ചിരിക്കുന്നൂ പിന്നെ  
വീര്യമെല്ലാം പുതപ്പിനാൽ മൂടി,ധീരനായ ഞാനൊന്നുറങ്ങട്ടെ
അന്തിമ ലക്ഷ്യമകലെയാണെങ്കിലും,പിന്തിരിയാതെയും വേർപിരിയാതെയും
നനഞ്ഞ ഭാണ്ഡം തോളിലേറ്റുന്നു വടി കുത്തി,നടകൊളളുന്നു നന്നേ തളർന്ന കാൽവയ്‌പോടെ
വെള്ളിതൻ നേർത്ത കമ്പികൾപോലെ,മെല്ലെ മെല്ലെ മഴ പൊഴിയുന്നു
ഏകലോകത്തിൻ  സ്നേഹസൗവർണ്ണധ്വജത്തിൻമേ,ലേറ്റുവിൻ  നിരാമയശാന്തിതൻ കൊടിക്കൂറ
ഓടിച്ചാടി നടന്നൂ കുട്ടിക,ളോണപ്പൂവുകൾ  തേടി
തീരെപ്പട്ടിണിയാണെന്നാലും,ചോര തിളയ്ക്കും കൂട്ടം
ഇന്നു സന്ധ്യതൻ സൗന്ദര്യവാടിയിൽ,ചെന്നിരുന്നൊരു പാട്ടുപാടട്ടെ ഞാൻ
പോകാനോരിടമെന്നും,തേടേണ്ടത് നീ തന്നെ
കൂടുമ്പോളിമ്പമായ് മാറും കുടുംബം,ചേരുമ്പോൾ ശീതളമാകും ഹൃദന്തം 
ഒന്നിൽനിന്നൊന്നിലേയ്ക്കോടിയെത്തുന്നൊരാ,ഓർമ്മകൾക്കൊട്ടുമേ പഞ്ഞമില്ല
കുറ്റം പറഞ്ഞിട്ടു കാര്യമില്ലിന്നെടോ,ഒറ്റയ്ക്ക് പൊരുതുന്നതാണ് ഭദ്രം
തെറ്റാതെ ശരികൾ നടപ്പാക്കുവാനിന്നൊ,രൊറ്റയാനെക്കടന്നാരുണ്ടഹോ
കണ്ണട വച്ചാലും വയ്ക്കാതിരുന്നാലും,കണ്ടതിൽ കാര്യം തിരഞ്ഞിടണ്ടേ
അഴലാറ്റി മഴൽനീക്കി വഴികാട്ടിടാൻ,കനിയേണമെന്നും കെടാവിളക്കേ
സന്ധ്യക്കു സന്ദേഹമേതുമില്ലാതെയ,ഖണ്ഡമായ് ദീപം തെളിച്ചീടണം
ഇന്നലെത്തർക്കങ്ങൾ ഇന്നിൻ വഴക്കുകൾ,നാളേയ്ക്ക് മുന്നേ പറഞ്ഞുതീർക്കാം
പടാപടാന്ന് മാറിടം മിടിച്ചുവെങ്കിലോർത്തിടിൻ,ചൊടിയൊടിനിയുമോടിടാൻ തടിക്കു കേടതില്ലെടോ
വലുതാകാൻ നീ വെറുതെയിരി,വലിയവനാകാൻ വഴി നീ തിരി 
പലപല നാളുകൾ ഞാനൊരു പുഴുവായ് പവിഴക്കൂട്ടിലുറങ്ങി,ഇരുളും വെട്ടവുമറിയാതങ്ങനെ ഇരുന്നു നാളുകൾ നീക്കി
നീലനിശീഥിനി നിൻ മണിമേടയിൽ,നിദ്രാവിഹീനയായ്‌ നിന്നു
ജാലകവാതിലിൻ വെള്ളി കൊളുത്തുകൾ,താളത്തിൽ കാറ്റിൽ കിലുങ്ങീ
തേനൂറും ചന്ദ്രിക തേങ്ങുന്ന,പൂവിന്റെ വേദന കാണാതെ മാഞ്ഞു
കുഞ്ഞുണ്ണിക്കൊരു മോഹം,എന്നും കുഞ്ഞായിട്ടു രമിക്കാൻ
സത്യമേ ചൊല്ലാവൂ ധർമ്മമേ ചെയ്യാവൂ,നല്ലതേ നൽകാവൂ വേണ്ടതേ വാങ്ങാവൂ
ഒരു വളപ്പൊട്ടുണ്ടെൻ കയ്യിൽ ഒരു മയിൽപ്പിലിയുണ്ടെന്നുള്ളിൽ,വിരസ നിമിഷങ്ങൾ സരസമാക്കുവാനിവ ധാരാളമാണെനിക്കെന്നും.
ജീവിതം നല്ലതാണല്ലോ,മരണം ചീത്തയാകയാൽ 
ഉടുത്ത മുണ്ടഴിച്ചിട്ടു പുതച്ചങ്ങു കിടക്കുകിൽ,മരിച്ചങ്ങു കിടക്കുമ്പോഴുള്ളതാം സുഖമുണ്ടിടാം.
ഞാനെന്റെ മീശ ചുമന്നതിന്റെ കൂലിചോദിക്കാൻഞാനെന്നോടു,ചൊന്നപ്പോൾ ഞാനെന്നെ തല്ലുവാൻ വന്നു.
എത്രമേലകലാം ഇനിയടുക്കാനിടമില്ലെന്നതുവരെ,എത്രമേലടുക്കാം ഇനിയകലാനിടമില്ലെന്നതുവരെ.
എനിക്കുണ്ടൊരു ലോകം നിനക്കുണ്ടൊരു ലോകം,നമുക്കില്ലൊരു ലോകം.
മഴ മേലോട്ട് പെയ്താലേ വിണ്ണു മണ്ണുള്ളതായ് വരൂ,മണ്ണുള്ള ദിക്കിലുള്ളോർക്കേ കണ്ണു കീഴോട്ടു കണ്ടിടൂ
കാലമില്ലാതാകുന്നു ദേശമില്ലാതാകുന്നു,കവിതേ നീയെത്തുമ്പോൾ ഞാനുമില്ലാതാകുന്നു
പൊക്കമില്ലാത്തതാണെന്റെ പൊക്കം,
മന്ത്രിയായാൽ മന്ദനാകും മഹാ മാർക്സിസ്റ്റുമീ,മഹാ ഭാരതഭൂമിയിൽ
മഴയും വേണം കുടയും വേണം കുടിയും വേണം,കുടിയിലൊരിത്തിരി തീയും വേണം
ആശകൊണ്ടേ മൂസ തെങ്ങുമ്മെ കേറി,മടലടർന്നു വീണു മൂസ മലർന്നു വീണു
ശ്വാസം ഒന്ന് ,വിശ്വാസം പലത്
ശ്വാസമാവശ്യം ആശ്വാസമാവശ്യം,വിശ്വാസമത്യാവശ്യം
കപടലോകത്തിലെന്നുടെ കാപട്യം,സകലരും കാണ്മതാണെൻ പരാജയം
ആറുമലയാളിക്കു നൂറുമലയാളം,അരമലയാളിക്കുമൊരു മലയാളം
കുരിശേശുവിലേശുമോ,
യേശുവിലാണെൻ വിശ്വാസം,കീശയിലാണെൻ ആശ്വാസം.
അമ്പത്താറക്ഷരമല്ല,അമ്പത്തൊന്നക്ഷരവുമല്ലെന്റെ മലയാളം
റസൂലേ നിൻ കനിവാലെ റസൂലേ റസൂലേ,റസൂലേ നിൻ വരവാലേ റസൂലേ റസൂലേ
ശംഖുപുഷ്‌പം കണ്ണെഴുതുമ്പോൾ,ശകുന്തളേ നിന്നെ ഓർമ്മ വരും
അകലെ അകലെ നീലാകാശം അലതല്ലും മേഘ തീർഥം,അരികിലെന്റെ ഹൃദയാകാശം അലതല്ലും രാഗതീർഥം
പ്രാണനാഥൻ എനിക്കു നൽകിയ,പരമാനന്ദരസത്തെ പറവതിനെളുതാമോ
കരിമുകിൽ കാട്ടിലെ രജനിതൻ വീട്ടിലെ,കനകാംബരങ്ങൾ വാടി
ചന്ദ്രികയിലലിയുന്നു ചന്ദ്രകാന്തം,നിൻ ചിരിയിലലിയുന്നെൻ ജീവരാഗം
ആയിരം പാദസരങ്ങൾ കിലുങ്ങി,ആലുവാപ്പുഴ പിന്നെയുമൊഴുകി
കായാമ്പൂ കണ്ണിൽ വിടരും,കമലദളം കവിളിൽ വിടരും
ചന്ദനപ്പല്ലക്കിൽ വീടുകാണാൻ,വന്ന ഗന്ധർവ രാജകുമാരാ
പാവാട പ്രായത്തിൽ നിന്നെ ഞാൻ,കണ്ടപ്പോൾ താമരമൊട്ടായിരുന്നു നീ 
ഇക്കരെയാണെന്റെ താമസം,അക്കരെയാണെന്റെ മാനസം
ഇന്ദ്രനീല യവനിക ഞൊറിഞ്ഞു,ചന്ദ്രലേഖ മണിയറ തുറന്നു
അഞ്ജനക്കണ്ണെഴുതി ആലിലത്താലി ചാർത്തി അറപ്പുര വാതിലിൽ ഞാൻ കാത്തിരുന്നു,
ചെട്ടികുളങ്ങര ഭരണിനാളിൽ,ഉത്സവം കണ്ടുനടക്കുമ്പോൾ
കണ്ണുനീർത്തുള്ളിയെ സ്ത്രീയോടുപമിച്ച,കാവ്യഭാവനേ അഭിനന്ദനം നിനക്കഭിനന്ദനം അഭിനന്ദനം അഭിനന്ദനം അഭിനന്ദനം
പെരിയാറേ പെരിയാറേ,പർവ്വതനിരയുടെ പനിനീരേ
ഒരിടത്തു ജനനം ഒരിടത്തു മരണം,ചുമലിൽ ജീവിത ഭാരം
പൂവല്ല പൂന്തളിരല്ല,മാനത്തെ മണിവില്ലല്ലാ
മാടപ്രാവേ വാ,ഒരു കൂടുകൂട്ടാൻ വാ
മാനെന്നും വിളിക്കില്ല മയിലെന്നും വിളിക്കില്ല മാടത്തിൻ മണിവിളക്കേ നിന്നെ ഞാൻ,മാടത്തിൻ മണിവിളക്കേ
പുലയനാർ മണിയമ്മ പൂമുല്ലക്കാവിലമ്മ,കലമാന്‍റെ മിഴിയുള്ള കളിത്തത്തമ്മ
എന്റെ സ്വപ്നത്തിൻ താമരപ്പൊയ്കയിൽ,വന്നിറങ്ങിയ രൂപവതീ..
മാനസ മൈനേ വരൂ,മധുരം നുള്ളി തരൂ
പെണ്ണാളേ പെണ്ണാളേ,കരിമീൻ കണ്ണാളേ കണ്ണാളേ
ശരദിന്ദു മലർദീപ നാളം നീട്ടി,സുരഭിലയാമങ്ങൾ ശ്രുതി മീട്ടി
വെളുക്കുമ്പം കുളിക്കുവാൻ പോകുന്ന,വഴിവക്കിൽ വേലിക്കൽ നിന്നവനേ 
വെള്ളിനക്ഷത്രമേ നിന്നെ നോക്കി തുള്ളിത്തുളുമ്പുകയെന്തേ,
ഒന്നാനാം കുന്നിന്മേൽ കൂടു കൂട്ടും തത്തമ്മേ,നീയെന്റെ തേന്മാവിൽ ഊഞ്ഞലാടാൻ വാ
പാവാട വേണം  മേലാട വേണം പഞ്ചാരപ്പനങ്കിളിക്ക്,
സൂര്യകാന്തീ സൂര്യകാന്തീ,സ്വപ്നം കാണുവതാരേ
ആത്മ വിദ്യാലയമേ അവനിയിൽ,ആത്മ വിദ്യാലയമേ
കദളിവാഴക്കയ്യിലിരുന്ന് കാക്കയിന്നു വിരുന്നു വിളിച്ച്,വിരുന്നുകാരാ വിരുന്നുകാരാ വിരുന്നുകാരാ വന്നാട്ടെ 
നുണക്കുഴിക്കവിളിൽ,നഖച്ചിത്രമെഴുതും താരേ താരേ
ഹൃദയസരസ്സിലെ പ്രണയ പുഷ്പമേ,ഇനിയും നിൻ കഥ പറയൂ
താമസമെന്തേ വരുവാൻ,പ്രാണസഖീ എന്റെ മുന്നിൽ 
കാറ്റടിച്ചു കൊടുങ്കാറ്റടിച്ചു,കായലിലെ വിളക്കുമരം കണ്ണടച്ചു
ശ്രീനഗരത്തിലെ ചിത്രവനത്തിലെ,ശിശിര മനോഹര ചന്ദ്രികേ
താഴമ്പൂ മണമുള്ള തണുപ്പുള്ള രാത്രിയിൽ,തനിച്ചിരുന്നുറങ്ങുന്ന ചെറുപ്പക്കാരീ
ചെത്തി മന്ദാരം തുളസി,പിച്ചക മാലകൾ ചാർത്തി ഗുരുവായൂരപ്പാ നിന്നെ കണി കാണേണം
നാളീകേരത്തിന്റെ നാട്ടിലെനിക്കൊരു,നാഴിയിടങ്ങഴി മണ്ണുണ്ട്‌
ഉണരു വേഗം നീ സുമറാണി വന്നു നായകൻ,പ്രേമത്തിൻ മുരളി ഗായകൻ
നീ മധുപകരു മലർചൊരിയു,അനുരാഗ പൌർണമിയേ
എന്റെ മൺ‌വീണയിൽ കൂടണയാനൊരു,മൗനം പറന്നു പറന്നു വന്നു
അരികില്‍ നീയുണ്ടായിരുന്നെങ്കിലെന്നു ഞാൻ,ഒരു മാത്ര വെറുതേ നിനച്ചു പോയീ
വാതിൽപ്പഴുതിലൂടെൻ‌മുന്നിൽ കുങ്കുമം,വാരിവിതറും ത്രിസന്ധ്യ പോലേ
അന്നു നിന്റെ നുണക്കുഴി തെളിഞ്ഞിട്ടില്ല,അന്നു നിന്റെ കവിളിത്ര ചുമന്നിട്ടില്ല
പ്രാണസഖീ ഞാൻ വെറുമൊരു,പാമരനാം പാട്ടുകാരൻ
ഒരു പുഷ്പം മാത്രമെൻ,പൂങ്കുലയിൽ നിർത്താം ഞാൻ
അല്ലിയാമ്പല്‍ കടവിലന്നരയ്ക്കു വെള്ളം,അന്നു നമ്മളൊന്നായ്‌ തുഴഞ്ഞില്ലേ കൊതുമ്പു വള്ളം
അന്നു നിന്നെ കണ്ടതിൽ പിന്നെ,അനുരാഗമെന്തെന്നു ഞാനറിഞ്ഞു
മഞ്ഞലയിൽ മുങ്ങിത്തോർത്തി,മധുമാസ ചന്ദ്രിക വന്നു
നാദബ്രഹ്മത്തിന്‍ സാഗരംനീന്തി,വരും നാകസുന്ദരിമാരേ
കല്‍പ്പനാകാകളികൾ മൂളി,വന്നെത്തുമെന്റെ സ്വപ്നചകോരങ്ങളേ
ആറാട്ടിന്നാനകൾ എഴുന്നള്ളീ,ആഹ്ലാദസമുദ്രം തിരതല്ലീ
ഈശ്വരചിന്തയിതൊന്നേ,മനുജനു ശാശ്വതമീയുലകിൽ
അന്നത്തിനും പഞ്ഞമില്ല സ്വർണ്ണത്തിനും പഞ്ഞമില്ല മന്നിതിൽ കരുണക്കാണു പഞ്ഞം സഹോദരരേ,
പാട്ടുപാടി ഉറക്കാം,ഞാൻ താമരപ്പൂമ്പൈതലേ
മദം പൊട്ടിച്ചിരിക്കുന്ന മാനം,മനം പൊട്ടിക്കരയുന്ന ഭൂമി
നിൻ മണിയറയിലെ നിർമ്മലശയ്യയിലെ,നീല നീരാളമായ് ഞാൻ മാറിയെങ്കിൽ
സുമംഗലീ നീയോർമ്മിക്കുമോ,സ്വപ്നത്തിലെങ്കിലും ഈ ഗാനം
ആദ്യത്തെ കണ്മണി ആണായിരിക്കണം,ആരുമേ കണ്ടാൽ കൊതിക്കണം
പാരിജാതം തിരുമിഴി തുറന്നു,പവിഴമുന്തിരി പൂത്തു വിടർന്നു
പതിനാലാം രാവുദിച്ചത്,മാനത്തോ കല്ലായിക്കടവത്തോ
കാക്കത്തമ്പുരാട്ടി കറുത്ത മണവാട്ടി,കൂടെവിടെ കൂടെവിടെ
മാർകഴിയിൽ മല്ലിക പൂത്താൽ,മണ്ണാർക്കാട് പൂരം
കസ്തൂരിത്തൈലമിട്ട് മുടിമിനുക്കീ,മുത്തോടുമുത്തുവെച്ച വളകിലുക്കീ
പടിഞ്ഞാറൻ കടൽക്കരെ പകലന്തിമയങ്ങുമ്പോൾ,ഉറുമാലും തുന്നിക്കൊണ്ടിരിപ്പാണ്
പുതുമുത്തമണിയിച്ചു പുളകങ്ങൾ പുതപ്പിച്ചു പൂണാരം തരുമൊരു പുതുമാരൻ ,
പതിനാലാം ബഹറിലെ പവിഴക്കല്‍പ്പടവിലെ,പനിനീർപ്പൂവിറുത്തുനീ നല്‍കേണം
മന്ദസമീരനിൽ ഒഴുകിയൊഴുകി,യെത്തും ഇന്ദ്രചാപം നീ
ഏഴു സ്വരങ്ങളും,തഴുകിവരുന്നൊരു ഗാനം
അകലെയൊരു മലമുകളിലാർദ്രമന്ദസ്മിതം തടവി വിടരും പൂവനത്തിന്റെ ഛായയിൽ,അടിമുടി പുളകം പൂണ്ടേ നിൽപ്പാണിടയപ്പെൺകൊടി തുമ്പപ്പൂച്ചെടി
കണികാണും നേരം കമലനേത്രന്റെ,നിറമേറും മഞ്ഞത്തുകിൽ ചാർത്തീ
യോഗീന്ദ്രാണാം ത്വദംഗേഷ്വധികസുമധുരം മുക്തിഭാജാം നിവാസോ,
നാഗേന്ദ്രഹാരായ ത്രിലോചനായ,ഭസ്മാംഗരാകായ മഹേശ്വരായ
ഭോഗീന്ദ്ര ശയിനം പുരുകുശല ദായിനം,പുരുഷം ശാശ്വതം കലയേ
അലർ ശരപരിതാപം ചൊല്‍വതി,അളിവേണീ പണി ബാലേ
വിലാപം കലാപം,നിരാസം വിരാമം
സന്താന കാരിണം സന്താപ ഹാരിണം,ചിന്താ വിമോചനം സിന്ധുരാധാരിണം
പടകാളി ചണ്ഡി ചങ്കരി പോര്‍ക്കലി,മാര്‍ഗ്ഗിനി ഭഗവതി അടിയനിൽ അലിവോടിന്നിത്തിരി കനിയണമേ
നന്ദ നന്ദന സുരാനന,നന്ദനീയ ഗുണാനിധേ
കല്യാണീ കളവാണീ,ചൊല്ലമ്മിണി ചൊല്ല്
കാറ്റേ കാറ്റേ നീ പൂക്കാമരത്തിൽ,പാട്ടും മൂളിവന്നോ
ഇത്ര വികൃതിയാണല്ലോ,കാറ്റിന് നിനക്കിത്തിരിയും കനിവില്ലേ
എന്തമ്മേ കൊച്ചുതുമ്പീ,തുള്ളാതിരിക്കണത്
പൊന്നരിവാളമ്പിളിയിൽ കണ്ണെറിയുന്നോളേ,ആ മരത്തിൻ പൂന്തണലിൽ വാടി നിൽക്കുന്നോളേ
ആലായാൽ തറ വേണം,അടുത്തൊരമ്പലം വേണം
പൂക്കുന്നിതാ മുല്ല പൂക്കുന്നിലഞ്ഞി,പൂക്കുന്നു തേന്മാവ് പൂക്കുന്നശോകം
നീലക്കാർ മുകിൽ വർണ്ണനന്നേരം,രാധ എന്നൊരു നാരിയുമായി
പൊൽത്തിങ്കൾ പൊട്ടുതൊട്ട,ഹിമവൽ ശൈലാഗ്രശൃംഗത്തിൽ
ഘനശ്യാമ സന്ധ്യാ ഹൃദയം,നിറയെ മുഴങ്ങി മഴവില്ലിൻ മാണിക്യവീണ
അറബികടലൊരു മണവാളൻ,കരയോ നല്ലൊരു മണവാട്ടി
ഹാ പുഷ്പമേ അധികതുംഗപദത്തിലെത്ര,ശോഭിച്ചിരുന്നിതൊരു രാജ്ഞികണക്കയേ നീ
രണ്ടും മൂന്നും തവണ,കൃഷിയേറ്റുന്ന കണ്ടങ്ങളെയും
അങ്കണ തൈമാവിൽ നിന്നാദ്യത്തെ പഴം വീഴ്‌കെ അമ്മതൻ നേത്രത്തിൽ നിന്നുതിർന്നൂ ചുടുകണ്ണീർ,
പ്രേമഭിക്ഷുകി ഭിക്ഷുകി ഭിക്ഷുകി,
ശാരികേ ശാരികേ  സിന്ധു ഗംഗാ,തീരം വളർത്തിയ ഗന്ധർവ്വ ഗായികേ
സ്വപ്നങ്ങൾ സ്വപ്നങ്ങൾ സ്വപ്നങ്ങളേ,നിങ്ങൾ സ്വർഗ്ഗ കുമാരികളല്ലോ
നിത്യ വിശുദ്ധയാം കന്യാമറിയമേ,നിൻ നാമം വാഴ്ത്തപ്പെടട്ടേ
ചക്രവർത്തിനീ നിനക്കു,ഞാനെന്റെ ശിൽപ ഗോപുരം തുറന്നു
സ്വർഗ്ഗത്തേക്കാൾ സുന്ദരമാണീ,സ്വപ്നം വിടരും ഗ്രാമം
കള്ളിപ്പാലകൾ പൂത്തു,കാടൊരു വെള്ളിപ്പൂക്കുട തീർത്തു
സാരസാക്ഷാ പരിപാലയ മാമയി,സന്തതം കരുണയ ജഗദീശ
പാഹി പർവ്വത നന്ദിനി മാമയി,പാർവ്വണേന്തൂ സമവദനേ
വാതാപി ഗണപതിം ഭജേ ഹം,വാരണാസ്യം വരപ്രദം
ജാമൂൻ കാലേ കാലേ,ലേലോജി മീഠേ മീഠേ താജേ താജേ
ഈശോ മിശിഹാക്ക് സ്തുതിയായിരിക്കട്ടെ,എപ്പോഴും എപ്പോഴും സ്തുതിയായിരിക്കട്ടെ
